checklist_id,observation_count,species_observed,latitude,longitude,observation_date,year,day_of_year,hours_of_day,effort_hours
S24099981,1,TRUE,24.006265000000003,97.842325,2015-06-30,2015,181,10.25,3.433333333333333
S26786886,105,TRUE,19.922002999999997,109.931438,2015-10-01,2015,274,17.5,0.5
S26786888,135,TRUE,19.442774999999997,108.84764500000001,2015-10-03,2015,276,9,1.25
S167372371,5,TRUE,19.441240999999998,108.847971,2016-12-24,2016,359,16.65,1
S57071268,8,TRUE,24.707916,98.000517,2016-04-07,2016,98,16.166666666666668,1
S49070569,77,TRUE,19.4392618,108.8474858,2018-10-09,2018,282,17.916666666666668,0.7833333333333333
S62625843,200,TRUE,19.4392618,108.8474858,2019-12-26,2019,360,7.183333333333334,4.133333333333334
S62605152,200,TRUE,19.4392618,108.8474858,2019-12-25,2019,359,16.816666666666666,2.6333333333333333
S52327402,200,TRUE,19.4392618,108.8474858,2019-01-27,2019,27,9,6
S57152003,3,TRUE,24.7047876,97.5831975,2019-06-06,2019,157,10.55,5
S66850810,1,TRUE,23.085828999999997,113.452843,2020-04-09,2020,100,8.716666666666667,5.566666666666666
S63410555,1,TRUE,23.083181,113.46192600000002,2020-01-15,2020,15,11.25,5.833333333333333
S63439044,1,TRUE,23.082602999999995,113.46346600000001,2020-01-16,2020,16,10.066666666666666,4
S63500850,1,TRUE,23.0808625,113.4550042,2020-01-18,2020,18,13,3.3333333333333335
S63443786,1,TRUE,23.081558,113.46590300000001,2020-01-15,2020,15,13,5.5
S63970994,1,TRUE,23.081860700000004,113.4582183,2020-01-21,2020,21,16.416666666666668,1.85
S74913595,1,TRUE,23.081860700000004,113.4582183,2020-10-17,2020,291,8.433333333333334,3.283333333333333
S68799620,1,TRUE,23.081860700000004,113.4582183,2020-04-09,2020,100,11,4
S78632726,200,TRUE,22.734045000000002,108.162864,2020-12-29,2020,364,17.5,0.8333333333333334
S62986005,80,TRUE,19.4392618,108.8474858,2020-01-04,2020,4,13.883333333333333,1
S76739023,200,TRUE,19.4392618,108.8474858,2020-11-27,2020,332,14.5,2
S88346301,1,TRUE,23.081860700000004,113.4582183,2021-03-27,2021,86,6.85,3.7666666666666666
S85135803,1,TRUE,23.081860700000004,113.4582183,2021-03-28,2021,87,7.05,2.1
S85202716,1,TRUE,23.081860700000004,113.4582183,2021-04-10,2021,100,6.8,4.666666666666667
S83289561,1,TRUE,23.081860700000004,113.4582183,2021-03-13,2021,72,7.366666666666666,4.9
S83707765,1,TRUE,23.081860700000004,113.4582183,2021-03-20,2021,79,6.85,4.633333333333334
S83707735,1,TRUE,23.081860700000004,113.4582183,2021-03-14,2021,73,6.85,4.166666666666667
S81924516,1,TRUE,23.081860700000004,113.4582183,2021-02-19,2021,50,16.883333333333333,2.0166666666666666
S125437987,1,TRUE,23.081860700000004,113.4582183,2021-01-03,2021,3,9,1
S91055564,2,TRUE,19.7324079,109.26392540000002,2021-06-26,2021,177,6,3
S90720728,2,TRUE,19.7324079,109.26392540000002,2021-06-25,2021,176,6.616666666666667,1.25
S90674922,1,TRUE,19.7324079,109.26392540000002,2021-06-24,2021,175,8.433333333333334,1.9833333333333334
S100488095,3,TRUE,22.804010100000003,108.3509532,2021-02-20,2021,51,16.533333333333335,2
S84830077,6,TRUE,22.804010100000003,108.3509532,2021-04-05,2021,95,18.766666666666666,0.1
S83233122,200,TRUE,19.879357300000002,109.5559826,2021-03-12,2021,71,20.566666666666666,0.2
S90307681,20,TRUE,19.883627899999997,109.55247719999998,2021-06-17,2021,168,11.133333333333333,0.31666666666666665
S94487663,45,TRUE,19.755632599999995,109.3156758,2021-09-11,2021,254,15,3
S101210394,20,TRUE,19.104512,110.557901,2021-07-10,2021,191,14.5,4
S89005996,6,TRUE,19.4392618,108.8474858,2021-05-26,2021,146,14.95,0.7666666666666667
S79729524,15,TRUE,19.4392618,108.8474858,2021-01-23,2021,23,13.383333333333333,1.3166666666666667
S100819811,1,TRUE,23.081860700000004,113.4582183,2022-01-16,2022,16,8.383333333333333,3.3333333333333335
S103134781,3,TRUE,19.965584199999995,110.5832463,2022-02-04,2022,35,10,1.65
S102667942,30,TRUE,18.323045,109.690558,2022-02-15,2022,46,8.883333333333333,3
S105747328,12,TRUE,19.128636899999997,108.66752320000002,2022-03-03,2022,62,17.5,0.6666666666666666
S116065920,30,TRUE,22.8861059,107.83334909999999,2022-07-30,2022,211,17.216666666666665,0.2
S154208312,120,TRUE,19.4045924,109.5582819,2022-04-04,2022,94,9,5
S124760184,20,TRUE,19.4392618,108.8474858,2022-12-28,2022,362,15,1.5
S124747036,100,TRUE,19.4392618,108.8474858,2022-12-28,2022,362,14.65,2
S104063771,100,TRUE,19.4392618,108.8474858,2022-02-19,2022,50,12.533333333333333,2.3
S101059686,100,TRUE,19.4392618,108.8474858,2022-01-19,2022,19,15,0.3333333333333333
S155641934,8,TRUE,19.7324079,109.26392540000002,2023-12-03,2023,337,9.25,2.066666666666667
S156413416,4,TRUE,24.745046699999996,98.06723120000001,2023-11-03,2023,307,18,1
S159902416,22,TRUE,19.7483057,109.32335239999999,2023-12-26,2023,360,10.333333333333334,2.5
S126343381,5,TRUE,23.603937600000002,109.6678115,2023-01-17,2023,17,10.75,1.1333333333333333
S125154757,8,TRUE,21.857132,100.94899000000001,2023-01-02,2023,2,11.916666666666666,2.4833333333333334
S154827662,15,TRUE,21.860890700000002,100.94915870000001,2023-11-20,2023,324,11.083333333333334,4.866666666666666
S126827923,1,TRUE,21.858900000000002,100.948822,2023-01-18,2023,18,14,1
S130559534,40,TRUE,19.439638499999997,108.8480045,2023-03-04,2023,63,16.133333333333333,1.5
S155644259,6,TRUE,21.858262,100.94968900000002,2023-12-03,2023,337,13,2.25
S155993905,1,TRUE,19.745513999999996,109.314318,2023-12-03,2023,337,9.516666666666667,1.9666666666666666
S157300303,50,TRUE,19.440255,108.84587499999999,2023-01-31,2023,31,12.55,1.6666666666666667
S156536405,30,TRUE,19.4392618,108.8474858,2023-12-17,2023,351,15.916666666666666,2
S156417206,20,TRUE,19.4392618,108.8474858,2023-12-15,2023,349,9,2
S129072103,1,TRUE,19.4392618,108.8474858,2023-01-31,2023,31,12.15,3
S127377935,100,TRUE,19.4392618,108.8474858,2023-01-25,2023,25,10.5,1.5
S159894766,50,TRUE,19.4392618,108.8474858,2023-12-29,2023,363,11,1
S157300210,60,TRUE,19.4392618,108.8474858,2023-12-28,2023,362,16.75,0.8333333333333334
S179259911,12,TRUE,24.745046699999996,98.06723120000001,2024-05-17,2024,138,17,4
S171828765,10,TRUE,24.745046699999996,98.06723120000001,2024-05-04,2024,125,13.35,3.1333333333333333
S172065538,6,TRUE,24.745046699999996,98.06723120000001,2024-05-05,2024,126,10.516666666666667,0.06666666666666667
S170324419,10,TRUE,24.745046699999996,98.06723120000001,2024-04-26,2024,117,15.783333333333333,2.933333333333333
S172929456,8,TRUE,24.745046699999996,98.06723120000001,2024-05-09,2024,130,10,1.55
S189645257,6,TRUE,19.755632599999995,109.3156758,2024-07-31,2024,213,18,0.3333333333333333
S184718757,2,TRUE,19.1070238,108.64960340000002,2024-07-01,2024,183,18.75,0.6166666666666667
S188655922,2,TRUE,21.858262,100.94968900000002,2024-07-25,2024,207,10.666666666666666,1
S181224492,35,TRUE,21.855838600000002,100.9378528,2024-06-09,2024,161,15.75,2.75
S163315828,1,TRUE,21.855838600000002,100.9378528,2024-03-01,2024,61,15.316666666666666,1.1333333333333333
S159593708,15,TRUE,19.127523,108.66155400000001,2024-01-23,2024,23,12,1
S177514219,3,TRUE,23.1828118,108.2789531,2024-05-26,2024,147,15.5,3
S185795528,2,TRUE,19.110216,108.65301099999999,2024-07-07,2024,189,16.716666666666665,0.8333333333333334
S193144182,3,TRUE,19.745433999999996,109.320494,2024-08-23,2024,236,15.5,1
S193147208,6,TRUE,19.4392618,108.8474858,2024-08-26,2024,239,15.5,2.5
S166214206,10,TRUE,19.4392618,108.8474858,2024-03-28,2024,88,13.766666666666667,2.75
S158418297,1,TRUE,19.4392618,108.8474858,2024-01-08,2024,8,9,2
S190120100,1,TRUE,19.4392618,108.8474858,2024-08-04,2024,217,10,1
S164290720,1,TRUE,24.001560400000002,97.8400111,2024-03-10,2024,70,15.333333333333334,4.5
S49035298,3,TRUE,24.717090400000004,97.5730133,2007-04-19,2007,109,7.5,3.5
S49034407,8,TRUE,24.717090400000004,97.5730133,2007-04-17,2007,107,16.5,2.5
G7685790,9,TRUE,19.755632599999995,109.3156758,2021-06-06,2021,157,6.95,1.8833333333333333
G7842334,180,TRUE,19.4392618,108.8474858,2022-01-27,2022,27,16.666666666666668,0.35
G8394885,2,TRUE,24.698119499999997,97.9829407,2022-05-16,2022,136,18.333333333333332,0.5833333333333334
G8886816,120,TRUE,19.4392618,108.8474858,2021-02-22,2021,53,11.6,2
G9504784,2,TRUE,19.4392618,108.8474858,2023-01-16,2023,16,10.166666666666666,2
G9636753,120,TRUE,19.4392618,108.8474858,2023-02-10,2023,41,13.433333333333334,1.3833333333333333
G10629397,4,TRUE,21.860446899999996,100.94316910000002,2023-07-28,2023,209,15.783333333333333,1.3666666666666667
G10638202,6,TRUE,21.828126799999996,100.43396410000001,2023-07-29,2023,210,9.9,1.7333333333333334
G11354304,1,TRUE,24.693150000000003,97.986977,2023-12-03,2023,337,11.483333333333333,0.2833333333333333
G11378977,1,TRUE,24.698119499999997,97.9829407,2023-12-22,2023,356,11.9,0.55
G11487681,2,TRUE,19.747804000000002,109.31082400000001,2024-01-08,2024,8,9.6,1.1
G11665792,30,TRUE,19.127523,108.66155400000001,2024-01-30,2024,30,11.25,1
G11650250,200,TRUE,19.879801300000004,109.55808229999998,2024-02-03,2024,34,13.85,0.38333333333333336
G12639299,20,TRUE,19.755632599999995,109.3156758,2024-06-15,2024,167,17.5,0.21666666666666667
G12621674,17,TRUE,19.742024999999998,109.317277,2024-06-17,2024,169,8.55,0.7666666666666667
G12861463,10,TRUE,19.7324079,109.26392540000002,2024-06-16,2024,168,7,3
G12671587,2,TRUE,19.721313,109.316334,2024-06-30,2024,182,17.733333333333334,0.36666666666666664
G12671762,2,TRUE,19.755632599999995,109.3156758,2024-06-30,2024,182,18.25,0.5333333333333333
G12874912,1,TRUE,24.745046699999996,98.06723120000001,2024-08-06,2024,219,15.25,2
G2337874,30,TRUE,19.442774999999997,108.84764500000001,2017-04-06,2017,96,18,0.5
G2337743,1,TRUE,24.0024058,97.84132000000001,2017-04-09,2017,99,16.75,1
G2939708,1,TRUE,25.611054900000006,100.22967340000001,2018-02-08,2018,39,9.5,2.5
G3636963,80,TRUE,19.4392618,108.8474858,2018-12-09,2018,343,14.5,3
G5164835,350,TRUE,19.4392618,108.8474858,2020-01-03,2020,3,13.916666666666666,1.8333333333333333
G6419523,300,TRUE,19.883322699999997,109.55200229999998,2021-03-12,2021,71,15.416666666666666,0.08333333333333333
G6649559,2,TRUE,19.7324079,109.26392540000002,2021-05-03,2021,123,15.833333333333334,3.3333333333333335
G7014708,3,TRUE,19.755632599999995,109.3156758,2021-07-11,2021,192,8.85,1.05
B1,1,TRUE,23.08764,113.46052,2021-02-15,2021,46,16,10
B2,1,TRUE,23.08717,113.46408,2021-03-20,2021,79,15.666666666666666,3.8333333333333335
B3,3,TRUE,22.81005,108.3564,2021-02-21,2021,52,18.5,1.7
B4,1,TRUE,23.08672,113.47086,2021-02-07,2021,38,17.516666666666666,9.416666666666666
B5,1,TRUE,23.08672,113.47086,2021-02-14,2021,45,19,1
B7,1,TRUE,23.08852,113.47061,2021-02-16,2021,47,23,1
B8,1,TRUE,23.08672,113.47086,2021-02-16,2021,47,17,9
B9,1,TRUE,23.08772,113.46052,2021-02-16,2021,47,17,9
B10,1,TRUE,23.08754,113.46146,2021-04-10,2021,100,15,4.5
B12,1,TRUE,23.08672,113.47086,2021-02-18,2021,49,21,1
B13,1,TRUE,23.08672,113.47086,2021-02-24,2021,55,17,1
B14,3,TRUE,22.81075,108.3608,2021-02-21,2021,52,0.5333333333333333,2
B15,1,TRUE,19.43968,108.82767,2021-02-22,2021,53,15,2
B16,100,TRUE,19.88534,109.56552,2021-04-04,2021,94,22.5,1.75
B18,1,TRUE,22.06786,113.16446,2021-05-03,2021,123,22,3.0833333333333335
B19,1,TRUE,23.08754,113.46146,2021-03-27,2021,86,15,3
B20,1,TRUE,23.08754,113.46146,2021-03-28,2021,87,15,2
B21,100,TRUE,19.88534,109.56552,2021-01-28,2021,28,22,2.5
B22,1,TRUE,23.08764,113.46052,2021-03-28,2021,87,16,3.933333333333333
B23,1,TRUE,22.82019,108.36488,2021-04-02,2021,92,22,1
B24,350,TRUE,19.88534,109.56552,2021-02-14,2021,45,0,1
B25,1,TRUE,23.08705,113.46791,2021-03-11,2021,70,17,1
B26,1,TRUE,19.85761,109.56325,2021-03-12,2021,71,18.733333333333334,2
B27,300,TRUE,19.88534,109.56552,2021-03-12,2021,71,23.416666666666668,0.5833333333333334
B28,1,TRUE,19.71414,109.23505,2021-04-01,2021,91,23.083333333333332,5.583333333333333
B29,3,TRUE,19.9726,110.58456,2022-02-04,2022,35,17,2
B30,1,TRUE,23.08772,113.46052,2021-03-13,2021,72,17.383333333333333,5
B31,1,TRUE,23.08699,113.46424,2021-03-13,2021,72,15.5,5
B33,7,TRUE,21.86324,100.95127,2021-04-05,2021,95,1,1
B35,1,TRUE,22.81738,108.36106,2021-04-06,2021,96,1.75,0.75
B36,300,TRUE,19.87048,109.54857,2018-01-01,2018,1,21.25,0.016666666666666666
B37,7,TRUE,19.79012,110.62812,2022-05-13,2022,133,16,1
B38,7,TRUE,19.75179,109.32698,2022-05-14,2022,134,17,1
B39,10,TRUE,19.74663,109.32139,2022-05-14,2022,134,16,1
B40,2,TRUE,19.74663,109.32139,2022-05-15,2022,135,0.3333333333333333,4.666666666666667
B41,12,TRUE,19.44379,108.85497,2022-04-25,2022,115,17,1
B42,2,TRUE,19.44861,108.84981,2022-04-25,2022,115,17,3
B45,1,TRUE,19.76803,109.33664,2021-06-11,2021,162,2,1
B46,1,TRUE,23.08699,113.46424,2021-05-01,2021,121,0.25,2.75
B48,2,TRUE,19.76803,109.33664,2021-07-29,2021,210,20.383333333333333,1.6166666666666667
B49,1,TRUE,23.08672,113.47086,2020-01-20,2020,20,17.25,7.75
B52,1,TRUE,19.74834,109.28338,2021-06-11,2021,162,0.5,8.5
B54,1,TRUE,19.71202,109.24263,2021-06-11,2021,162,20.516666666666666,6.816666666666666
B57,1,TRUE,19.70256,109.22546,2021-06-14,2021,165,15,1
B58,20,TRUE,19.57115,109.41397,2021-06-17,2021,168,15,4.233333333333333
B59,9,TRUE,19.75179,109.32698,2021-06-06,2021,157,16.25,0.5833333333333334
B60,2,TRUE,19.72567,109.27947,2021-06-24,2021,175,1,1
B62,1,TRUE,19.76803,109.33664,2021-09-13,2021,256,22,1
B63,3,TRUE,19.19232,108.89996,2023-08-23,2023,235,1,1
B64,20,TRUE,19.11038,110.56431,2021-07-10,2021,191,22.5,4
B65,9,TRUE,19.75179,109.32698,2021-07-28,2021,209,20,1
B66,16,TRUE,19.44862,108.84949,2021-09-24,2021,267,22.5,1.75
B68,3,TRUE,23.86036,106.68856,2022-04-24,2022,114,0,1
B69,37,TRUE,19.10684,108.66025,2021-10-02,2021,275,19,1
B70,13,TRUE,19.10684,108.66025,2021-10-03,2021,276,16,1
B72,1,TRUE,19.43968,108.82767,2022-01-06,2022,6,23.966666666666665,2
B73,100,TRUE,19.44862,108.84949,2022-01-06,2022,6,22.5,3
B74,360,TRUE,19.85916,109.57962,2022-01-09,2022,9,0.25,0.25
B75,5,TRUE,21.88068,110.87201,2023-08-27,2023,239,14.833333333333334,2.6666666666666665
B76,9,TRUE,22.29496,108.45299,2021-11-24,2021,328,20,1
B77,22,TRUE,19.11774,110.5625,2021-10-09,2021,282,22.333333333333332,1.1666666666666667
B78,50,TRUE,19.44862,108.84949,2022-02-07,2022,38,1,1
B79,1,TRUE,23.08705,113.46791,2021-06-10,2021,161,19.35,6
B80,10,TRUE,19.10684,108.66025,2021-10-01,2021,274,15,1
B81,1,TRUE,23.08672,113.47086,2020-01-15,2020,15,16,9
B82,1,TRUE,19.75757,110.67725,2023-08-31,2023,243,16.983333333333334,2.0166666666666666
B83,1,TRUE,19.74803,110.64112,2023-09-01,2023,244,2.1666666666666665,0.9166666666666666
B84,1,TRUE,19.75757,110.67725,2023-09-01,2023,244,15.75,1.25
B85,1,TRUE,24.7485,98.07389,2023-04-30,2023,120,2,1
B86,1,TRUE,19.43968,108.82767,2018-12-13,2018,347,0,2
B87,32,TRUE,22.94442,108.02203,2022-03-27,2022,86,1,1
B89,80,TRUE,19.44401,108.85686,2023-10-25,2023,298,17,1
B90,1,TRUE,21.65313,110.62519,2018-06-16,2018,167,15.416666666666666,3
B91,36,TRUE,19.43968,108.82767,2023-10-26,2023,299,15,7
B92,1,TRUE,21.86056,100.9563,2023-11-02,2023,306,23.85,3.15
B93,1,TRUE,21.86367,100.95204,2023-11-03,2023,307,1,1
B94,1,TRUE,21.85529,100.95401,2023-11-03,2023,307,0,1
B95,1,TRUE,21.86056,100.9563,2023-11-03,2023,307,2,1
B96,1,TRUE,21.86056,100.9563,2023-11-02,2023,306,23.85,3.15
B97,1,TRUE,21.86056,100.9563,2023-11-02,2023,306,23.85,3.15
B98,4,TRUE,24.7485,98.07389,2023-11-04,2023,308,2,1
B99,4,TRUE,24.7485,98.07389,2023-11-04,2023,308,2,1
B100,4,TRUE,24.7485,98.07389,2023-11-04,2023,308,2,1
B101,4,TRUE,24.7485,98.07389,2023-11-04,2023,308,2,1
B102,4,TRUE,24.7485,98.07389,2023-11-04,2023,308,2,1
B103,1,TRUE,21.86009,100.95678,2023-11-05,2023,309,17.333333333333332,4.666666666666667
B104,60,TRUE,19.43968,108.82767,2020-11-27,2020,332,22.9,2
B105,1,TRUE,22.95858,113.62673,2023-11-07,2023,311,22.266666666666666,3.2333333333333334
B106,1,TRUE,21.86367,100.95204,2023-11-09,2023,313,18,1
B107,1,TRUE,21.85529,100.95401,2023-11-13,2023,317,2,1
B108,1,TRUE,21.85529,100.95401,2023-11-13,2023,317,2,1
B110,100,TRUE,19.43968,108.82767,2023-11-18,2023,322,17.416666666666668,4.083333333333333
B111,1,TRUE,19.75179,109.32587,2023-11-25,2023,329,23,2
B112,1,TRUE,19.75179,109.32587,2023-11-25,2023,329,23,2
B113,1,TRUE,19.74989,109.33504,2023-11-26,2023,330,0,1
B114,1,TRUE,19.75179,109.32587,2023-11-25,2023,329,23,2
B115,1,TRUE,19.44427,108.8553,2023-11-26,2023,330,17,1
B116,1,TRUE,19.44427,108.8553,2023-11-26,2023,330,17,1
B117,1,TRUE,19.44427,108.8553,2023-11-26,2023,330,17,1
B118,1,TRUE,19.44427,108.8553,2023-11-26,2023,330,17,1
B119,1,TRUE,21.86056,100.9563,2023-11-02,2023,306,23.85,3.15
B120,1,TRUE,19.42677,108.81768,2023-11-30,2023,334,14,1
B121,1,TRUE,23.08764,113.46052,2020-10-06,2020,280,17,8.5
B122,1,TRUE,23.08699,113.46424,2020-04-12,2020,103,21.5,4.5
B123,1,TRUE,19.88011,109.54778,2022-01-16,2022,16,23,3
B124,1,TRUE,23.08666,113.47001,2021-05-16,2021,136,23,1
B125,1,TRUE,23.08772,113.46052,2020-04-12,2020,103,17,10
B126,1,TRUE,23.08672,113.47086,2020-01-16,2020,16,17,7
B127,11,TRUE,19.75056,109.32548,2023-12-02,2023,336,18,1
B128,23,TRUE,21.43712,109.2198,2023-12-03,2023,337,22,1
B129,1,TRUE,21.46368,109.27708,2023-12-03,2023,337,16,4.833333333333333
B130,1,TRUE,19.75179,109.32698,2023-12-03,2023,337,17.266666666666666,2.7333333333333334
B131,100,TRUE,23.12953,108.28614,2023-12-05,2023,339,20.25,3.75
B132,21,TRUE,21.72249,110.88284,2023-12-03,2023,337,21.2,1
B133,1,TRUE,23.08764,113.46052,2020-01-14,2020,14,19.383333333333333,3
B134,1,TRUE,23.08764,113.46052,2020-01-19,2020,19,17.45,6
B135,1,TRUE,23.08672,113.47086,2020-04-25,2020,116,17.916666666666668,7
B136,1,TRUE,21.86367,100.95204,2023-11-20,2023,324,17.666666666666668,5.15
B137,20,TRUE,23.12953,108.28614,2023-12-09,2023,343,20,1
B138,60,TRUE,23.12953,108.28614,2023-12-09,2023,343,22,1
B139,50,TRUE,23.12953,108.28614,2023-12-09,2023,343,18,6.95
B140,52,TRUE,23.12953,108.28614,2023-12-09,2023,343,19.15,1.85
B141,1,TRUE,23.12953,108.28614,2023-12-10,2023,344,23,2
B142,1,TRUE,19.75147,109.32344,2023-12-11,2023,345,1,1
B143,100,TRUE,23.12947,108.29453,2023-12-11,2023,345,0,1
B144,42,TRUE,23.12953,108.28614,2023-12-10,2023,344,23,1
B146,1,TRUE,19.44643,108.85822,2023-12-11,2023,345,23,1
B147,1,TRUE,19.44379,108.85497,2023-12-11,2023,345,23,1
B148,1,TRUE,19.44861,108.84981,2023-12-12,2023,346,1,1
B149,1,TRUE,21.86367,100.95204,2023-11-15,2023,319,16.766666666666666,2
B151,9,TRUE,19.75179,109.32698,2023-12-13,2023,347,19.5,1.75
B152,9,TRUE,19.75147,109.32344,2023-12-13,2023,347,23,0.13333333333333333
B153,9,TRUE,19.75056,109.32548,2023-12-13,2023,347,19.5,2.4
B154,1,TRUE,19.75179,109.32698,2023-12-14,2023,348,3,1
B156,100,TRUE,19.43968,108.82767,2023-12-14,2023,348,18,1
B157,70,TRUE,19.44861,108.84981,2023-12-14,2023,348,17.666666666666668,1.6666666666666667
B158,100,TRUE,23.12953,108.28614,2023-12-14,2023,348,21,1
B159,1,TRUE,21.86367,100.95204,2023-12-15,2023,349,17,1
B160,1,TRUE,21.86367,100.95204,2023-12-15,2023,349,16.566666666666666,4
B161,1,TRUE,19.43968,108.82767,2023-12-16,2023,350,17.05,2.95
B162,1,TRUE,19.43968,108.82767,2023-12-16,2023,350,17,3
B163,106,TRUE,21.70738,110.89925,2023-12-16,2023,350,23,2
B165,15,TRUE,21.86392,100.95124,2023-12-19,2023,353,17,3.5
B166,1,TRUE,19.43968,108.82767,2023-12-16,2023,350,17,3
B167,1,TRUE,19.88534,109.56552,2021-03-12,2021,71,18,1
B168,1,TRUE,23.12953,108.28614,2023-12-31,2023,365,20,1
B169,60,TRUE,19.44861,108.84981,2023-12-28,2023,362,19.916666666666668,0.75
B170,1,TRUE,19.44379,108.85497,2023-12-28,2023,362,20,1
B171,1,TRUE,19.43968,108.82767,2023-12-29,2023,363,0,1
B172,260,TRUE,19.44861,108.84981,2023-12-28,2023,362,22.416666666666668,2.4
B173,11,TRUE,22.86041,108.38197,2023-12-30,2023,364,17.516666666666666,2.65
B174,350,TRUE,19.88831,109.56695,2021-02-12,2021,43,21.316666666666666,3
B175,1,TRUE,19.44766,108.85589,2022-02-13,2022,44,16,1
B176,130,TRUE,19.44862,108.84949,2022-01-14,2022,14,18,3.5
B177,30,TRUE,19.46525,108.96725,2022-01-09,2022,9,16.833333333333332,3.15
B178,350,TRUE,19.87871,109.61353,2022-01-16,2022,16,22.683333333333334,1
B180,1,TRUE,19.44861,108.84981,2022-01-22,2022,22,15.5,4.433333333333334
B181,20,TRUE,19.74834,109.28338,2022-01-22,2022,22,21,8.6
B182,50,TRUE,19.8785,109.63392,2022-01-22,2022,22,23,1
B183,38,TRUE,19.87285,109.65337,2022-01-22,2022,22,23.5,1
B184,60,TRUE,19.88189,109.63473,2022-01-22,2022,22,22.75,0.25
B185,63,TRUE,19.88534,109.56552,2022-01-22,2022,22,23,7
B186,100,TRUE,19.44861,108.84981,2022-01-24,2022,24,1,1
B188,1,TRUE,19.44862,108.84949,2022-01-28,2022,28,1,1
B191,50,TRUE,21.89838,110.86486,2022-02-03,2022,34,23,1
B192,100,TRUE,19.44861,108.84981,2022-02-05,2022,36,20.166666666666668,1.9666666666666666
B193,1,TRUE,19.44861,108.84981,2022-02-11,2022,42,23,3.1666666666666665
B194,1,TRUE,19.44861,108.84981,2022-02-12,2022,43,1,1
B195,60,TRUE,19.44862,108.84949,2022-02-14,2022,45,20.416666666666668,2.0833333333333335
B196,1,TRUE,19.9726,110.58456,2022-02-24,2022,55,0,1
B197,1,TRUE,18.32375,109.69639,2022-02-25,2022,56,23,1.0833333333333333
B198,120,TRUE,19.44766,108.85589,2022-02-27,2022,58,0,1
B199,1,TRUE,19.44379,108.85497,2022-02-26,2022,57,22,1
B200,150,TRUE,19.44218,108.8571,2022-02-26,2022,57,23,1
B201,208,TRUE,22.89051,107.83966,2022-02-27,2022,58,0,1
B202,1,TRUE,19.44766,108.85589,2022-02-27,2022,58,1,1
B203,13,TRUE,19.13244,108.67416,2022-03-04,2022,63,0,1
B204,13,TRUE,19.13244,108.67416,2022-03-03,2022,62,21.25,3.95
B205,2,TRUE,23.86036,106.68856,2022-04-12,2022,102,23.516666666666666,1.95
B206,108,TRUE,19.93432,110.52773,2022-03-05,2022,64,20,1
B207,100,TRUE,19.91736,110.54594,2022-03-05,2022,64,16,1
B209,100,TRUE,19.91736,110.54594,2022-03-07,2022,66,19,1
B210,300,TRUE,22.89051,107.83966,2022-03-09,2022,68,17,1
B211,2,TRUE,20.05724,110.21347,2022-05-11,2022,131,0,1
B212,1,TRUE,20.04916,110.21654,2022-05-11,2022,131,0,1.9833333333333334
B213,3,TRUE,23.86695,106.69503,2022-04-16,2022,106,22,1
B215,1,TRUE,19.53311,109.49825,2022-02-14,2022,45,15,6
B216,1,TRUE,19.95292,110.58614,2022-04-06,2022,96,20,1
B217,1,TRUE,24.75088,97.56707,2015-05-31,2015,151,8,0
B218,2,TRUE,24.7345,97.56069,2015-05-01,2015,121,8,0
B219,2,TRUE,24.75088,97.56707,2015-05-01,2015,121,8,0
B221,2,TRUE,24.7345,97.56069,2015-05-01,2015,121,8,0
B222,1,TRUE,24.75088,97.56707,2015-05-01,2015,121,8,0
B225,8,TRUE,24.71476,98.04027,2016-04-06,2016,97,0,1
B226,6,TRUE,24.71143,97.93827,2016-04-06,2016,97,8,0
B227,6,TRUE,24.71143,97.93827,2016-04-07,2016,98,2.25,0
B228,4,TRUE,19.43968,108.82767,2015-09-04,2015,247,8,0
B229,8,TRUE,24.71476,98.04027,2016-04-09,2016,100,8,0
B230,50,TRUE,19.89796,109.53272,2022-01-22,2022,22,21,9.6
B231,1,TRUE,19.93289,110.34778,2022-02-01,2022,32,15,2.716666666666667
B232,2,TRUE,21.84146,100.4042,2022-07-02,2022,183,17.233333333333334,9.766666666666667
B233,2,TRUE,21.83198,100.39531,2022-07-02,2022,183,16,1
B235,1,TRUE,23.57389,99.08439,2022-07-28,2022,209,17.133333333333333,2.8666666666666667
B236,1,TRUE,24.75001,98.07704,2022-08-09,2022,221,22,1.1166666666666667
B237,1,TRUE,24.7485,98.07389,2022-08-09,2022,221,22,1
B238,30,TRUE,22.89051,107.83966,2022-07-31,2022,212,1.2166666666666668,0.45
B239,1,TRUE,24.75001,98.07704,2022-08-09,2022,221,22.783333333333335,2
B240,100,TRUE,21.89838,110.86486,2022-09-25,2022,268,22,1
B241,1,TRUE,19.44427,108.8553,2022-11-01,2022,305,17,1
B242,4,TRUE,19.44766,108.85589,2022-09-27,2022,270,8,1
B243,100,TRUE,21.88068,110.87201,2022-09-27,2022,270,15,1
B244,9,TRUE,19.44861,108.84981,2022-09-27,2022,270,8,1
B245,1,TRUE,19.44379,108.85497,2022-10-01,2022,274,17,1
B246,60,TRUE,19.44861,108.84981,2022-10-01,2022,274,17,7.883333333333334
B248,2,TRUE,24.7485,98.07389,2022-10-05,2022,278,16.533333333333335,0
B249,1,TRUE,24.75001,98.07704,2022-10-05,2022,278,20.5,1.5
B250,30,TRUE,19.44862,108.84949,2022-10-22,2022,295,15,6
B251,2,TRUE,19.42862,108.82527,2022-10-21,2022,294,21.5,4.25
B252,8,TRUE,24.71476,98.04027,2016-04-07,2016,98,8,0
B256,45,TRUE,19.43968,108.82767,2018-01-30,2018,30,16.75,2.25
B257,1,TRUE,25.61698,100.23691,2018-02-08,2018,39,17.5,2.5
B258,1,TRUE,21.12559,110.31501,2015-03-28,2015,87,19,6
B259,1,TRUE,21.57328,108.13229,2018-06-19,2018,170,17,7
B260,4,TRUE,21.59808,108.06455,2018-07-14,2018,195,19,3
B261,23,TRUE,24.75088,97.56707,2018-04-19,2018,109,17,9
B262,2,TRUE,24.71143,97.93827,2018-04-21,2018,111,17,9
B263,1,TRUE,25.61698,100.23691,2018-02-08,2018,39,17.5,2.5
B264,2,TRUE,23.12953,108.28614,2022-05-19,2022,139,18,1
B266,50,TRUE,19.98407,110.58953,2022-11-28,2022,332,23,1
B267,8,TRUE,19.44643,108.85822,2022-11-26,2022,330,18,1
B268,20,TRUE,21.86392,100.95124,2022-12-05,2022,339,0,1
B269,27,TRUE,21.86017,100.95498,2022-12-04,2022,338,22,1
B270,5,TRUE,23.33359,108.34227,2022-12-06,2022,340,23,1
B271,1,TRUE,21.86367,100.95204,2022-12-15,2022,349,18.016666666666666,7
B272,60,TRUE,19.44861,108.84981,2022-12-16,2022,350,15.633333333333333,5.033333333333333
B273,105,TRUE,19.44861,108.84981,2022-12-20,2022,354,17.15,4.85
B274,128,TRUE,19.44766,108.85589,2022-12-22,2022,356,18,1
B275,1,TRUE,21.86367,100.95204,2022-12-13,2022,347,22.733333333333334,2
B276,1,TRUE,21.86017,100.95498,2022-12-14,2022,348,0,1
B277,1,TRUE,21.86017,100.95498,2022-12-13,2022,347,23,1
B279,100,TRUE,22.89051,107.83966,2022-12-29,2022,363,19,1
B280,50,TRUE,19.10083,108.65857,2022-12-20,2022,354,18,8
B281,10,TRUE,21.86421,100.95665,2023-01-07,2023,7,16.666666666666668,1.3333333333333333
B282,10,TRUE,21.86392,100.95124,2023-01-02,2023,2,19,1
B283,10,TRUE,21.86324,100.95127,2023-01-03,2023,3,23.733333333333334,1.0333333333333334
B284,10,TRUE,21.86392,100.95124,2023-01-07,2023,7,16,1
B285,200,TRUE,19.43968,108.82767,2023-01-08,2023,8,16.166666666666668,3.8333333333333335
B286,1,TRUE,21.86392,100.95124,2023-01-23,2023,23,17.816666666666666,0.95
B287,1,TRUE,19.4294,108.83735,2023-01-09,2023,9,20.483333333333334,3
B288,1,TRUE,19.44379,108.85497,2023-01-10,2023,10,16,3.3333333333333335
B289,15,TRUE,21.86392,100.95124,2023-01-10,2023,10,22,1
B290,1,TRUE,21.86367,100.95204,2023-01-23,2023,23,23,1
B291,75,TRUE,19.77388,110.67762,2023-03-18,2023,77,1.5,0.5833333333333334
B292,211,TRUE,19.44631,108.85339,2023-01-15,2023,15,18,1
B293,1,TRUE,19.43968,108.82767,2023-01-17,2023,17,17,1.7666666666666666
B294,1,TRUE,19.44861,108.84981,2023-01-17,2023,17,17.166666666666668,2.8333333333333335
B295,1,TRUE,19.4294,108.83735,2023-01-17,2023,17,19,1
B296,1,TRUE,21.86392,100.95124,2023-01-10,2023,10,21.566666666666666,2
B297,2,TRUE,19.43968,108.82767,2023-01-16,2023,16,18.166666666666668,2
B298,1,TRUE,21.86367,100.95204,2023-01-23,2023,23,19,1
B299,1,TRUE,21.86421,100.95665,2023-01-19,2023,19,2,1
B300,1,TRUE,21.86392,100.95124,2023-01-11,2023,11,17.316666666666666,6
B301,100,TRUE,19.44861,108.84981,2023-01-25,2023,25,18.5,1.5
B302,1,TRUE,21.86392,100.95124,2023-01-23,2023,23,17.816666666666666,0.95
B303,1,TRUE,19.43968,108.82767,2023-01-28,2023,28,0,1
B304,23,TRUE,22.86041,108.38197,2023-01-27,2023,27,18,7.833333333333333
B305,1,TRUE,19.43968,108.82767,2023-01-25,2023,25,23,2
B306,23,TRUE,22.86041,108.38197,2023-01-28,2023,28,23,1
B307,1,TRUE,22.85832,108.37468,2023-01-28,2023,28,22.75,1.25
B308,23,TRUE,22.86392,108.37872,2023-01-28,2023,28,23,1
B309,50,TRUE,19.44861,108.84981,2023-01-28,2023,28,0,1
B310,20,TRUE,19.13254,108.67248,2023-02-11,2023,42,0,0.5
B311,250,TRUE,19.43968,108.82767,2023-01-30,2023,30,21,1
B312,5,TRUE,23.60997,109.68512,2023-01-17,2023,17,18.75,1.25
B313,400,TRUE,19.43968,108.82767,2023-01-30,2023,30,21,1
B314,42,TRUE,19.77388,110.67762,2023-02-10,2023,41,18.85,0.35
B315,1,TRUE,21.85456,100.94071,2023-01-31,2023,31,21,1
B316,1,TRUE,19.43968,108.82767,2023-01-31,2023,31,20.15,3
B317,100,TRUE,19.44861,108.84981,2022-02-26,2022,57,18.316666666666666,4
B318,300,TRUE,19.43968,108.82767,2023-02-11,2023,42,18,1
B320,1,TRUE,22.86041,108.38197,2023-02-02,2023,33,2,1
B321,100,TRUE,19.43968,108.82767,2023-01-31,2023,31,18.65,5.6
B322,300,TRUE,19.44862,108.84949,2023-02-02,2023,33,18.033333333333335,1.9666666666666666
B323,200,TRUE,19.44218,108.8571,2023-02-02,2023,33,18,1
B324,400,TRUE,19.43968,108.82767,2023-01-30,2023,30,21,1
B325,10,TRUE,19.77388,110.67762,2023-02-03,2023,34,1.25,1
B326,250,TRUE,19.44861,108.84981,2023-02-02,2023,33,17,4
B327,1,TRUE,19.43968,108.82767,2023-02-03,2023,34,5,1
B328,1,TRUE,19.4294,108.83735,2023-02-05,2023,36,1.2333333333333334,1
B329,1,TRUE,19.4294,108.83735,2023-02-05,2023,36,1.2333333333333334,1
B330,1,TRUE,19.4294,108.83735,2023-02-05,2023,36,1.2333333333333334,1
B331,1,TRUE,19.4294,108.83735,2023-02-05,2023,36,1.2333333333333334,1
B332,1,TRUE,19.4294,108.83735,2023-02-05,2023,36,1.2333333333333334,1
B333,1,TRUE,19.43968,108.82767,2023-02-11,2023,42,18.283333333333335,2
B334,1,TRUE,19.4486,108.84944,2023-01-17,2023,17,17,2
B335,240,TRUE,19.44861,108.84981,2023-02-02,2023,33,18,2
B336,1,TRUE,21.86392,100.95124,2023-01-23,2023,23,17.75,1
B337,1,TRUE,19.44861,108.84981,2023-02-12,2023,43,5,1
B338,280,TRUE,19.44861,108.84981,2023-02-10,2023,41,7,1
B339,120,TRUE,19.43968,108.82767,2023-02-10,2023,41,21.416666666666668,1.5
B340,1400,TRUE,19.44643,108.85822,2023-02-15,2023,46,20,1
B341,1,TRUE,19.11076,108.65751,2023-02-15,2023,46,17,1
B342,20,TRUE,21.86367,100.95204,2023-02-17,2023,48,1,1
B343,100,TRUE,19.44861,108.84981,2023-02-17,2023,48,21.5,1.5
B344,100,TRUE,19.44427,108.8553,2023-02-17,2023,48,22,1
B346,1,TRUE,19.43968,108.82767,2023-02-17,2023,48,23.516666666666666,2
B347,1,TRUE,19.44862,108.84949,2023-02-13,2023,44,23.366666666666667,4
B348,1,TRUE,21.86367,100.95204,2023-02-21,2023,52,22,4
B349,100,TRUE,19.10083,108.65857,2023-02-20,2023,51,18.5,4.5
B350,1,TRUE,21.86367,100.95204,2023-02-22,2023,53,18,2
B351,1,TRUE,19.43968,108.82767,2023-02-17,2023,48,23.516666666666666,2
B352,1,TRUE,21.86392,100.95124,2023-02-23,2023,54,17,4
B353,1,TRUE,21.86367,100.95204,2023-02-23,2023,54,17.116666666666667,2
B354,1,TRUE,19.97158,110.58828,2023-02-09,2023,40,21.833333333333332,1.6666666666666667
B355,1,TRUE,21.86367,100.95204,2023-02-25,2023,56,0.7333333333333333,1
B356,150,TRUE,19.4453,108.85697,2023-02-27,2023,58,16,1
B357,1,TRUE,19.43968,108.82767,2023-02-26,2023,57,23.033333333333335,2.25
B358,1,TRUE,19.44643,108.85822,2023-03-01,2023,60,17.116666666666667,1.8833333333333333
B359,120,TRUE,19.43968,108.82767,2023-02-10,2023,41,21.5,1
B360,1,TRUE,19.43968,108.82767,2023-02-07,2023,38,0.9666666666666667,2
B361,32,TRUE,21.86367,100.95204,2023-02-24,2023,55,17.15,7.133333333333334
B362,15,TRUE,21.86392,100.95124,2023-03-03,2023,62,21,1
B363,1,TRUE,21.86367,100.95204,2023-03-05,2023,64,17.183333333333334,2
B364,118,TRUE,19.44379,108.85497,2023-03-10,2023,69,17,4.283333333333333
B365,1,TRUE,21.62525,111.79274,2023-04-15,2023,105,22,1
B366,1,TRUE,19.42157,108.81482,2023-03-26,2023,85,17.833333333333332,6
B367,47,TRUE,19.44861,108.84981,2023-03-24,2023,83,17,1
B368,2,TRUE,19.38551,108.7656,2023-04-17,2023,107,2,1
B369,1,TRUE,19.1108,108.65933,2023-02-15,2023,46,0,1
B370,20,TRUE,19.44861,108.84981,2023-04-02,2023,92,16,4.983333333333333
B371,8,TRUE,22.7139,108.47002,2023-04-06,2023,96,20,1
B372,21,TRUE,21.86009,100.95678,2023-04-07,2023,97,19,1
B373,6,TRUE,19.42157,108.81482,2023-09-26,2023,269,16.8,4.2
B375,1,TRUE,19.75757,110.67725,2023-09-30,2023,273,1,2
B376,16,TRUE,19.75757,110.67725,2023-09-30,2023,273,14.75,2.85
B377,1,TRUE,19.70778,109.2407,2022-11-13,2022,317,0.016666666666666666,2
B378,5,TRUE,21.52725,109.71161,2023-04-19,2023,109,18,1.9333333333333333
B379,12,TRUE,19.44379,108.85497,2023-04-24,2023,114,20,1
B380,110,TRUE,19.44861,108.84981,2023-09-27,2023,270,18.483333333333334,1.1833333333333333
B381,30,TRUE,21.88068,110.87201,2023-04-27,2023,117,17.083333333333332,6.016666666666667
B382,13,TRUE,19.44862,108.84949,2023-04-21,2023,111,16,2.5
B383,1,TRUE,24.7485,98.07389,2023-04-30,2023,120,2,1
B384,1,TRUE,21.86009,100.95678,2023-04-29,2023,119,23,1
B385,1,TRUE,20.03839,110.44055,2023-08-19,2023,231,16,7
B387,7,TRUE,21.62589,108.76683,2023-05-10,2023,130,20,1
B388,2,TRUE,19.51368,109.50165,2023-05-11,2023,131,17,1
B393,1,TRUE,19.21898,108.65676,2023-02-12,2023,43,1.2833333333333332,0
B394,1,TRUE,19.304,109.06246,2023-05-25,2023,145,4,1
B395,4,TRUE,19.42719,108.81841,2023-05-24,2023,144,22,1
B396,11,TRUE,19.44861,108.84981,2023-05-25,2023,145,15,1
B399,1,TRUE,19.43968,108.82767,2023-01-31,2023,31,20.15,3
B400,1,TRUE,22.81705,108.3287,2023-06-03,2023,154,22,1
B401,3,TRUE,22.78684,108.22122,2023-06-20,2023,171,0.75,1.75
B402,1,TRUE,21.86009,100.95678,2023-04-29,2023,119,23,1
B403,1,TRUE,23.08553,113.45583,2020-01-20,2020,20,17,8
B404,150,TRUE,19.57115,109.41397,2020-01-19,2020,19,17,4
B405,20,TRUE,19.44379,108.85497,2023-12-03,2023,337,19,1
B406,1,TRUE,19.75147,109.32344,2023-12-09,2023,343,17,1
B407,1,TRUE,19.75179,109.32698,2023-12-13,2023,347,23,1
B408,12,TRUE,21.85529,100.95401,2023-12-19,2023,353,16.716666666666665,1.2833333333333334
B409,50,TRUE,19.43968,108.82767,2023-01-31,2023,31,20.15,3
B410,4,TRUE,19.75757,110.67725,2023-06-23,2023,174,15.166666666666666,1.8333333333333333
B411,1,TRUE,21.88068,110.87201,2023-06-20,2023,171,0,2
B412,1,TRUE,19.75757,110.67725,2023-06-24,2023,175,15.766666666666667,1.2333333333333334
B413,2,TRUE,21.88068,110.87201,2023-06-27,2023,178,0.5,2.5
B415,1,TRUE,19.43968,108.82767,2022-01-05,2022,5,20,10
B416,1,TRUE,26.03297,100.08155,2023-07-01,2023,182,18,1
B417,1,TRUE,26.03297,100.08155,2023-07-01,2023,182,16.25,3.25
B418,1,TRUE,22.87073,108.24916,2023-07-04,2023,185,18,1
B419,1,TRUE,23.08672,113.47086,2021-01-28,2021,28,3,1
B420,1,TRUE,23.08764,113.46052,2021-03-20,2021,79,17.5,4.033333333333333
B422,3,TRUE,19.74803,110.64112,2023-07-06,2023,187,16.5,2.5
B423,1,TRUE,19.70256,109.22546,2023-07-16,2023,197,20,7
B424,45,TRUE,21.571,109.76809,2018-12-01,2018,335,18,2.25
B425,19,TRUE,21.571,109.76809,2018-12-15,2018,349,8,10
B426,1,TRUE,22.7905,108.28019,2018-09-15,2018,258,2.5,0.5
B428,6,TRUE,21.571,109.76809,2019-01-05,2019,5,18,2
B429,2,TRUE,21.86367,100.95204,2023-07-18,2023,199,22.333333333333332,2.8333333333333335
B430,58,TRUE,19.74164,110.68595,2019-02-09,2019,40,22,1
B433,1,TRUE,23.08672,113.47086,2020-01-15,2020,15,23,3
B434,100,TRUE,19.35806,108.68686,2018-12-12,2018,346,8,10
B436,1,TRUE,24.75088,97.56707,2019-05-02,2019,122,1,2
B437,3,TRUE,21.86367,100.95204,2023-07-29,2023,210,1,1
B438,1,TRUE,21.86367,100.95204,2023-07-29,2023,210,3,1
B439,2,TRUE,21.88018,100.5576,2023-07-29,2023,210,20,1
B440,100,TRUE,19.44766,108.85589,2022-02-13,2022,44,1.8333333333333335,1
B441,1,TRUE,19.44861,108.84981,2023-01-23,2023,23,16.033333333333335,5
B442,1,TRUE,24.75088,97.56707,2023-08-02,2023,214,2,1
B443,8,TRUE,22.81075,108.3608,2020-01-05,2020,5,17,8
B444,400,TRUE,19.6629,109.37099,2020-01-19,2020,19,16,8
B445,1,TRUE,19.75757,110.67725,2023-08-06,2023,218,1.25,2.0833333333333335
B447,1,TRUE,23.08672,113.47086,2020-01-18,2020,18,21,2.5
B448,1,TRUE,23.08705,113.46791,2020-01-16,2020,16,16.166666666666668,5
B449,1,TRUE,23.08672,113.47086,2020-01-10,2020,10,16.166666666666668,9.083333333333334
B450,1,TRUE,23.08672,113.47086,2020-01-15,2020,15,21,5
B451,1,TRUE,23.08672,113.47086,2020-01-15,2020,15,20.5,4.5
B453,1,TRUE,23.08672,113.47086,2020-01-18,2020,18,17,8.5
B455,1,TRUE,23.08672,113.47086,2020-01-19,2020,19,17,6.75
B456,30,TRUE,21.58329,109.7769,2020-01-15,2020,15,17,5
B457,100,TRUE,19.43968,108.82767,2020-01-18,2020,18,17,5
B458,3,TRUE,24.75088,97.56707,2019-06-06,2019,157,18,9
B459,23,TRUE,22.81005,108.3564,2020-01-06,2020,6,15.333333333333334,1.25
B460,22,TRUE,22.81075,108.3608,2020-01-01,2020,1,17.5,5.5
B461,1,TRUE,22.81005,108.3564,2020-01-06,2020,6,21,1
B462,23,TRUE,22.81075,108.3608,2020-01-06,2020,6,22,2.25
B463,1,TRUE,21.85529,100.95401,2023-08-19,2023,231,15,3.066666666666667
B464,1,TRUE,23.08764,113.46052,2020-12-26,2020,361,17,8
B465,1,TRUE,23.08705,113.46791,2020-01-18,2020,18,15,10
B466,1,TRUE,23.08699,113.46424,2020-01-18,2020,18,17,8
B467,1,TRUE,23.08553,113.45583,2020-01-18,2020,18,17.5,7.5
B468,1,TRUE,23.08717,113.46408,2020-01-15,2020,15,22,3
B470,1,TRUE,23.08672,113.47086,2020-01-20,2020,20,17,8
B472,1,TRUE,23.08772,113.46052,2020-01-10,2020,10,22,3
B473,1,TRUE,23.08672,113.47086,2020-01-18,2020,18,15,8
B474,1,TRUE,23.08672,113.47086,2020-01-21,2020,21,15,1.5
B475,1,TRUE,23.08672,113.47086,2020-01-10,2020,10,22,2.75
B476,1,TRUE,19.87799,109.55282,2020-01-18,2020,18,16,2
B477,350,TRUE,19.43968,108.82767,2020-01-03,2020,3,22,1.5
B478,4,TRUE,21.88068,110.87201,2023-04-11,2023,101,16.416666666666668,4.483333333333333
B479,1,TRUE,23.08672,113.47086,2020-01-15,2020,15,20,7
B480,1,TRUE,23.08672,113.47086,2020-01-18,2020,18,15,9
B481,150,TRUE,19.43968,108.82767,2020-01-18,2020,18,22,4
B482,1,TRUE,19.44861,108.84981,2020-01-19,2020,19,19.5,2
B483,1,TRUE,23.08672,113.47086,2020-01-16,2020,16,15,7
B485,1,TRUE,19.88011,109.54778,2020-04-04,2020,95,21.5,1.5
B487,1,TRUE,23.08776,113.46056,2020-04-14,2020,105,16,9
B488,5,TRUE,21.5652,109.7799,2020-02-09,2020,40,17,8
B489,22,TRUE,22.82019,108.36488,2020-01-01,2020,1,17.5,5.5
B491,21,TRUE,22.81075,108.3608,2020-01-01,2020,1,17.5,2.5
B492,1,TRUE,23.08705,113.46791,2020-01-22,2020,22,17,8
B493,18,TRUE,22.82019,108.36488,2020-01-30,2020,30,23.333333333333332,2.1666666666666665
B494,1,TRUE,23.08672,113.47086,2020-01-16,2020,16,17,7
B495,23,TRUE,22.81075,108.3608,2020-01-06,2020,6,17,3
B496,10,TRUE,22.82019,108.36488,2020-01-11,2020,11,2,5
B497,1,TRUE,23.08672,113.47086,2020-01-16,2020,16,17,7
B498,1,TRUE,23.08672,113.47086,2020-01-20,2020,20,16,9
B499,1,TRUE,23.08672,113.47086,2020-01-10,2020,10,22,3
B500,1,TRUE,19.87799,109.55282,2020-01-17,2020,17,23,2
B501,16,TRUE,22.74151,108.48517,2020-02-22,2020,53,17,4
B502,1,TRUE,23.08672,113.47086,2020-01-15,2020,15,15.5,2
B503,1,TRUE,19.57115,109.41397,2020-03-19,2020,79,18.5,0.5
B504,1,TRUE,23.08672,113.47086,2020-01-10,2020,10,22,2.75
B505,1,TRUE,23.08705,113.46791,2020-01-10,2020,10,16,9
B506,1,TRUE,23.08705,113.46791,2020-01-16,2020,16,16,4
B507,1,TRUE,23.08672,113.47086,2020-01-20,2020,20,17.25,7.75
B508,1,TRUE,23.08672,113.47086,2020-01-15,2020,15,23,3
B509,1,TRUE,23.08666,113.47001,2020-04-05,2020,96,19,5
B510,1,TRUE,23.08768,113.46052,2020-04-11,2020,102,16.25,9
B511,1,TRUE,23.08672,113.47086,2020-04-14,2020,105,15,6.5
B512,1,TRUE,23.08776,113.46056,2020-04-09,2020,100,17,3
B513,1,TRUE,23.08772,113.46052,2020-04-04,2020,95,17,7
B514,1,TRUE,23.08672,113.47086,2020-04-25,2020,116,18.75,5.6
B515,1,TRUE,23.08776,113.46056,2020-04-10,2020,101,17,6.5
B516,26,TRUE,22.82019,108.36488,2020-01-06,2020,6,15.5,3.5
B518,80,TRUE,19.65755,110.5629,2022-05-12,2022,132,19,1
B519,12,TRUE,19.69834,110.4857,2022-05-13,2022,133,0,1
B520,2,TRUE,26.51303,106.65513,2020-04-14,2020,105,22,1
B521,1,TRUE,19.43968,108.82767,2020-01-03,2020,3,21,4
B522,100,TRUE,19.88534,109.56552,2020-05-23,2020,144,15,2
B525,1,TRUE,23.08776,113.46056,2020-01-22,2020,22,15.5,8.5
B526,4,TRUE,21.57328,108.13229,2020-06-07,2020,159,16.5,4.166666666666667
B528,1,TRUE,23.08699,113.46424,2020-06-26,2020,178,17,1
B530,1,TRUE,23.08772,113.46052,2020-05-01,2020,122,17,4
B532,1,TRUE,23.08772,113.46052,2020-01-14,2020,14,17,8
B534,6,TRUE,19.44861,108.84981,2020-05-12,2020,133,18,1
B535,1,TRUE,23.08764,113.46052,2020-05-16,2020,137,17,8
B536,8,TRUE,19.10684,108.66025,2020-09-05,2020,249,14,1
B537,1,TRUE,23.08672,113.47086,2020-10-17,2020,291,15.25,7.75
B539,1,TRUE,23.08754,113.46146,2020-11-21,2020,326,17,8.5
B540,1,TRUE,23.08776,113.46056,2020-12-19,2020,354,22.75,3.25
B541,18,TRUE,19.44861,108.84981,2021-01-23,2021,23,20.833333333333332,2.1666666666666665
B542,1,TRUE,23.08676,113.47233,2021-01-27,2021,27,17.5,6
B543,1,TRUE,23.08764,113.46052,2020-10-19,2020,293,17,2
B544,1,TRUE,23.08672,113.47086,2020-11-22,2020,327,16.5,6.5
B545,1,TRUE,23.08754,113.46146,2020-11-22,2020,327,17,8.75
B546,1,TRUE,23.08754,113.46146,2021-01-27,2021,27,22,1
B547,1,TRUE,23.08717,113.46408,2021-01-27,2021,27,17,1
B548,1,TRUE,23.08672,113.47086,2021-01-27,2021,27,17,1
B550,1,TRUE,23.08672,113.47086,2021-01-27,2021,27,17,1
B551,1,TRUE,23.08672,113.47086,2021-01-27,2021,27,17.5,5.433333333333334
B552,1,TRUE,23.08676,113.47233,2021-01-27,2021,27,22,1
B553,2,TRUE,24.74694,98.08274,2020-10-24,2020,298,16.5,1.5
B554,300,TRUE,19.57115,109.41397,2021-01-29,2021,29,0,1
B555,1,TRUE,23.08672,113.47086,2020-12-26,2020,361,17,5
B556,1,TRUE,23.08672,113.47086,2020-12-26,2020,361,17,1
B557,1,TRUE,23.08717,113.46408,2020-12-26,2020,361,17,8
B558,1,TRUE,23.08764,113.46052,2020-12-26,2020,361,17,9
B559,1,TRUE,23.08699,113.46424,2021-02-22,2021,53,17.5,2.5
B560,1,TRUE,22.6175,113.64744,2021-02-09,2021,40,17,1
B561,1,TRUE,23.08672,113.47086,2021-02-14,2021,45,19.083333333333332,7.983333333333333
B562,1,TRUE,23.08705,113.46791,2021-02-16,2021,47,22,4.233333333333333
B563,1,TRUE,23.08732,113.46712,2021-02-16,2021,47,17,5
B564,1,TRUE,23.08672,113.47086,2021-01-28,2021,28,0,1
B565,1,TRUE,23.08699,113.46424,2021-02-18,2021,49,20,6
B566,1,TRUE,23.08717,113.46408,2021-02-20,2021,51,1.2833333333333332,1.7166666666666666
B567,1,TRUE,23.08717,113.46408,2021-02-21,2021,52,1,2
B568,1,TRUE,23.08672,113.47086,2021-02-24,2021,55,17,10
B569,1,TRUE,22.81738,108.36106,2020-01-05,2020,5,15,9.25
B570,40,TRUE,19.44861,108.84981,2021-02-22,2021,53,19,2
B571,100,TRUE,19.85916,109.57962,2021-01-29,2021,29,5.466666666666667,1.0333333333333334
B572,1,TRUE,22.81005,108.3564,2021-04-02,2021,92,22.066666666666666,1
B573,1,TRUE,23.08705,113.46791,2021-01-14,2021,14,21,1
B574,1,TRUE,23.08672,113.47086,2021-01-15,2021,15,20,1
B576,1,TRUE,23.08672,113.47086,2021-01-27,2021,27,18,1
B577,300,TRUE,19.85761,109.56325,2021-03-12,2021,71,18,2.5
B578,300,TRUE,19.6629,109.37099,2021-03-12,2021,71,18,2
B579,1,TRUE,19.44861,108.84981,2023-12-07,2023,341,21,1
B581,15,TRUE,19.43968,108.82767,2021-01-23,2021,23,21,2.5
B582,10,TRUE,19.72054,109.32273,2024-06-16,2024,168,15,3
B583,3,TRUE,19.75056,109.32548,2024-02-13,2024,44,18.533333333333335,3
B584,6,TRUE,21.88068,110.87201,2024-05-05,2024,126,16.416666666666668,2.783333333333333
B585,10,TRUE,19.43968,108.82767,2024-03-28,2024,88,22,1
B586,1,TRUE,22.81625,109.10626,2024-04-14,2024,105,1,1
B587,12,TRUE,24.7485,98.07389,2024-05-04,2024,125,1.2,2.1333333333333333
B588,1,TRUE,24.7485,98.07389,2024-05-01,2024,122,22.5,3.5
B589,12,TRUE,24.7485,98.07389,2024-05-18,2024,139,3,1
B590,1,TRUE,24.7485,98.07389,2024-05-09,2024,130,16,1
B591,3,TRUE,24.7485,98.07389,2024-05-23,2024,144,16,1
B592,1,TRUE,24.74776,98.07343,2024-05-21,2024,142,16,1
B593,1,TRUE,24.75027,98.07633,2024-06-10,2024,162,18,1
B594,2,TRUE,19.75757,110.67725,2024-06-14,2024,166,16.75,1.25
B595,1,TRUE,24.7485,98.07389,2024-05-22,2024,143,22,1.3333333333333333
B596,17,TRUE,23.12953,108.28614,2024-01-01,2024,1,17.666666666666668,2.3333333333333335
B597,1,TRUE,19.10083,108.65857,2024-01-26,2024,26,21,1
B598,350,TRUE,19.43968,108.82767,2024-01-04,2024,4,22.45,3.1333333333333333
B599,60,TRUE,19.43968,108.82767,2024-01-04,2024,4,20.783333333333335,1.1
B600,1,TRUE,21.84195,108.59372,2024-01-15,2024,15,0.65,0.7666666666666667
B601,1,TRUE,19.44433,108.85491,2024-02-14,2024,45,0,1
B602,1,TRUE,19.75056,109.32548,2024-08-13,2024,226,2,1
B603,100,TRUE,19.87574,109.633,2024-02-17,2024,48,22,1
B604,7,TRUE,21.86056,100.9563,2024-08-22,2024,235,18,1.5
B605,10,TRUE,24.7485,98.07389,2024-05-01,2024,122,0.6166666666666667,3.3833333333333333
B606,1,TRUE,24.71143,97.93827,2024-05-01,2024,122,23.5,5.5
B607,1,TRUE,24.75001,98.07704,2024-05-05,2024,126,15,1
B608,1,TRUE,24.7485,98.07389,2024-05-09,2024,130,16,1
B609,1,TRUE,24.7485,98.07389,2024-05-12,2024,133,16,1
B610,6,TRUE,19.44861,108.84981,2024-08-26,2024,239,23.5,1.5
B611,6,TRUE,19.44861,108.84981,2024-08-26,2024,239,23.5,1.5
B612,1,TRUE,19.43968,108.82767,2024-02-17,2024,48,4,1
B613,200,TRUE,19.57115,109.41397,2024-02-03,2024,34,21.016666666666666,1.9833333333333334
B614,1,TRUE,24.7485,98.07389,2024-05-01,2024,122,23,1
B615,10,TRUE,24.7485,98.07389,2024-05-02,2024,123,0,2.433333333333333
B616,2,TRUE,24.7485,98.07389,2024-05-05,2024,126,15,1
B618,20,TRUE,24.7485,98.07389,2024-05-23,2024,144,23.016666666666666,4.15
B620,4,TRUE,19.11363,108.65836,2024-07-09,2024,191,3,1
B621,3,TRUE,21.86367,100.95204,2024-07-09,2024,191,16.433333333333334,4.216666666666667
B622,1,TRUE,22.85741,108.29704,2024-06-01,2024,153,17.45,1.55
B623,34,TRUE,19.33079,109.70013,2024-03-30,2024,90,17.883333333333333,3.1
B624,35,TRUE,21.86367,100.95204,2024-06-09,2024,161,23.75,2.75
B625,1,TRUE,19.44861,108.84981,2024-02-14,2024,45,17.166666666666668,3.3333333333333335
B626,1,TRUE,18.32551,109.69419,2024-09-21,2024,265,15,1
B627,1,TRUE,19.13192,108.672,2024-02-16,2024,47,18,1
B628,1,TRUE,23.10049,110.26634,2024-02-10,2024,41,20.333333333333332,1.6666666666666667
B630,1,TRUE,24.7485,98.07389,2024-04-29,2024,120,0.55,1
B631,12,TRUE,24.7485,98.07389,2024-05-18,2024,139,3,1
B632,10,TRUE,24.7485,98.07389,2024-05-01,2024,122,0.6166666666666667,3.3833333333333333
B633,10,TRUE,19.72054,109.32273,2024-06-16,2024,168,15,3
B634,1,TRUE,19.44768,108.85891,2024-01-08,2024,8,17,2
B635,1,TRUE,19.44768,108.85891,2024-01-08,2024,8,17,2
B636,5,TRUE,21.88068,110.87201,2024-03-22,2024,82,2,1
B637,2,TRUE,19.75002,109.32531,2024-07-08,2024,190,3,1
B638,4,TRUE,24.7485,98.07389,2024-05-05,2024,126,15.25,4.25
B639,1,TRUE,19.10083,108.65857,2024-01-23,2024,23,20,1
B640,30,TRUE,19.10083,108.65857,2024-01-30,2024,30,20,0.5
B641,1,TRUE,24.7485,98.07389,2024-08-04,2024,217,18,1
B643,1,TRUE,18.54222,108.72277,2024-08-15,2024,228,21,1
B644,1,TRUE,19.75056,109.32548,2024-08-13,2024,226,2,1
B645,1,TRUE,19.10083,108.65857,2024-01-26,2024,26,22,1
B646,1,TRUE,19.74679,109.28768,2024-02-19,2024,50,18,8.5
B647,10,TRUE,19.13192,108.672,2024-02-16,2024,47,15.333333333333334,4.333333333333333
B648,1000,TRUE,22.81274,108.00307,2024-01-18,2024,18,19,1
B649,5,TRUE,21.86367,100.95204,2024-01-22,2024,22,22,3.5
B650,9,TRUE,19.10639,108.65183,2024-08-02,2024,215,13,1
B651,8,TRUE,19.74341,109.32107,2024-08-01,2024,214,1,1
B652,6,TRUE,19.72805,109.30323,2024-08-01,2024,214,2,1
B654,100,TRUE,19.10639,108.65183,2024-01-13,2024,13,1,0.5
B655,50,TRUE,19.77388,110.67762,2024-01-02,2024,2,19,0.5
B656,69,TRUE,19.44768,108.85891,2024-01-01,2024,1,23,1.4333333333333333
B657,1,TRUE,21.7283,110.89356,2024-06-30,2024,182,1,1
B658,1,TRUE,19.53311,109.49825,2024-07-08,2024,190,0.6333333333333333,5.683333333333334
B659,10,TRUE,19.72054,109.32273,2024-06-16,2024,168,15,3
B660,15,TRUE,19.13192,108.672,2024-02-16,2024,47,18,1
B661,20,TRUE,24.7485,98.07389,2024-05-04,2024,125,0,1
B662,19,TRUE,21.86009,100.95678,2024-03-01,2024,61,1,1
B663,2,TRUE,23.12953,108.28614,2024-05-23,2024,144,23.5,3.25
B664,3,TRUE,23.18594,108.29928,2024-05-25,2024,146,23.5,3
B665,1,TRUE,24.7485,98.07389,2024-05-12,2024,133,16,1
B666,50,TRUE,21.70648,110.90401,2024-10-05,2024,279,19,1
B667,1,TRUE,24.7485,98.07389,2024-05-08,2024,129,0,6.016666666666667
B668,1,TRUE,24.7485,98.07389,2024-05-08,2024,129,0,6.016666666666667
B669,20,TRUE,19.13192,108.672,2024-01-30,2024,30,19.333333333333332,0.8333333333333334
B670,10,TRUE,19.75066,109.32544,2024-07-13,2024,195,23.25,2.75
B671,15,TRUE,19.7211,109.3225,2024-07-01,2024,183,0,1
B672,1,TRUE,24.7485,98.07389,2024-06-10,2024,162,21,1
B673,15,TRUE,24.7485,98.07389,2024-05-02,2024,123,0,2.433333333333333
B674,12,TRUE,24.7485,98.07389,2024-05-18,2024,139,3,1
B675,1,TRUE,24.7485,98.07389,2024-04-29,2024,120,15.75,1.5
B676,1,TRUE,24.7485,98.07389,2024-04-29,2024,120,0.55,1
B677,1,TRUE,24.7485,98.07389,2024-04-29,2024,120,15.75,1.5
B679,1,TRUE,19.74341,109.32107,2024-02-13,2024,44,20,1
B680,1,TRUE,19.43968,108.82767,2024-07-26,2024,208,6,1
B681,2,TRUE,22.72045,108.47684,2024-07-21,2024,203,23.516666666666666,3
B682,15,TRUE,19.7211,109.3225,2024-07-01,2024,183,0,1
B683,15,TRUE,19.7211,109.3225,2024-07-01,2024,183,0,1
B684,8,TRUE,19.75056,109.32548,2024-07-01,2024,183,2,1
B685,4,TRUE,24.7485,98.07389,2024-05-05,2024,126,15.25,4.25
B687,3,TRUE,24.7485,98.07389,2024-04-30,2024,121,22,6.766666666666667
B688,10,TRUE,24.7485,98.07389,2024-05-01,2024,122,0.6166666666666667,3.3833333333333333
B689,1,TRUE,21.86392,100.95124,2024-02-29,2024,60,21.666666666666668,3.3333333333333335
B691,1,TRUE,24.7485,98.07389,2024-04-27,2024,118,0.5166666666666667,2
B692,1,TRUE,19.10111,108.65857,2024-01-30,2024,30,18.5,1.5
B693,1,TRUE,23.12953,108.28614,2024-02-01,2024,32,20.85,1.65
B694,3,TRUE,19.75179,109.32698,2024-08-23,2024,236,23.5,1
B695,1,TRUE,24.7485,98.07389,2024-05-05,2024,126,15,1
B696,1,TRUE,19.10111,108.65857,2024-01-30,2024,30,18.5,1.5
B697,1,TRUE,21.86392,100.95124,2024-08-22,2024,235,17,1
B698,10,TRUE,24.7485,98.07389,2024-05-02,2024,123,0,1
B699,1,TRUE,21.86017,100.95498,2024-03-01,2024,61,23,1
B700,1,TRUE,24.7485,98.07389,2024-04-29,2024,120,15.75,1.5
B701,1,TRUE,21.86367,100.95204,2024-08-22,2024,235,18,1
B702,1,TRUE,22.941770000000002,108.34572,2024-05-02,2024,123,20,1
B703,3,TRUE,19.75179,109.32698,2024-08-23,2024,236,23.5,1
B704,13,TRUE,24.7485,98.07389,2024-05-08,2024,129,15,2
B705,1,TRUE,21.86367,100.95204,2024-02-10,2024,41,0,1
B706,6,TRUE,19.44861,108.84981,2024-08-26,2024,239,23.5,1.5
B707,1,TRUE,19.87574,109.633,2024-02-03,2024,34,21,1
B708,1,TRUE,19.73871,109.29529,2024-02-01,2024,32,16,1
B709,1,TRUE,19.87574,109.633,2024-02-21,2024,52,1,1
B710,15,TRUE,19.06754,110.06705,2024-09-04,2024,248,14,1
B711,1,TRUE,24.7485,98.07389,2024-05-08,2024,129,0,6.016666666666667
B712,10,TRUE,24.7485,98.07389,2024-05-01,2024,122,0.6166666666666667,3.3833333333333333
B713,1,TRUE,24.75034,98.0755,2024-05-01,2024,122,1.5,2.5
B714,1,TRUE,24.7485,98.07389,2024-06-10,2024,162,19,1
B715,6,TRUE,24.75001,98.07704,2024-05-05,2024,126,17,1
B716,1,TRUE,21.86367,100.95204,2024-03-01,2024,61,22.8,3
B717,8,TRUE,19.72184,109.29766,2024-07-01,2024,183,0.25,7.683333333333334
B718,1,TRUE,19.11397,108.65913,2024-07-02,2024,184,2.4166666666666665,1
B719,2,TRUE,19.71206,109.27834,2024-07-08,2024,190,3,1
B720,1,TRUE,19.10111,108.65857,2024-07-09,2024,191,2,1
B721,2,TRUE,19.70728,109.26441,2024-05-25,2024,146,14,1
B722,1,TRUE,19.75002,109.32531,2024-07-20,2024,202,1,1
B723,15,TRUE,24.7485,98.07389,2024-07-22,2024,204,23,1
B724,4,TRUE,19.44862,108.84949,2024-07-26,2024,208,0,1
B725,10,TRUE,19.43968,108.82767,2024-03-28,2024,88,21.766666666666666,1
B726,1,TRUE,24.67629,97.91435,2024-02-15,2024,46,17,3
B727,1,TRUE,19.10111,108.65857,2024-01-14,2024,14,17.366666666666667,8
B728,1,TRUE,19.13309,108.6721,2024-02-16,2024,47,17.75,1.75
B729,1,TRUE,19.13192,108.672,2024-02-16,2024,47,17,1
B730,2,TRUE,21.86367,100.95204,2024-10-03,2024,277,20,1
B731,1,TRUE,24.7485,98.07389,2024-04-29,2024,120,15.75,1.5
B732,1,TRUE,21.86367,100.95204,2024-09-30,2024,274,23.916666666666668,2
B733,2,TRUE,21.7283,110.89356,2024-05-09,2024,130,16.016666666666666,4.983333333333333
B734,12,TRUE,24.7485,98.07389,2024-05-18,2024,139,3,1
B735,1,TRUE,19.43968,108.82767,2024-05-02,2024,123,23,2.5
B736,1,TRUE,24.7485,98.07389,2024-05-04,2024,125,1,1
B737,1,TRUE,19.68087,109.32639,2024-05-13,2024,134,23,6.416666666666667
B738,1,TRUE,24.7485,98.07389,2024-05-08,2024,129,0,6.016666666666667
B739,20,TRUE,19.68087,109.32639,2024-05-14,2024,135,0,2
B740,70,TRUE,19.45634,108.8819,2024-10-06,2024,280,16,1
B741,7,TRUE,21.86367,100.95204,2024-10-07,2024,281,16.483333333333334,3
B742,25,TRUE,24.7485,98.07389,2024-05-04,2024,125,20.15,4
B743,3,TRUE,19.11397,108.65913,2024-07-02,2024,184,2,1
B744,19,TRUE,21.86367,100.95204,2024-03-01,2024,61,1,1
B745,3,TRUE,18.32375,109.69639,2024-06-09,2024,161,21.75,2.4166666666666665
B746,100,TRUE,19.6629,109.37099,2024-03-05,2024,65,18,1
B747,1,TRUE,19.74341,109.32107,2024-02-14,2024,45,16,1
B748,1,TRUE,19.75002,109.32531,2024-07-20,2024,202,1,1
B749,1,TRUE,22.941770000000002,108.34572,2024-05-02,2024,123,20,1
B750,1,TRUE,19.13244,108.67416,2024-02-16,2024,47,18,1.5
B751,5,TRUE,19.46525,108.96725,2024-10-17,2024,291,16.25,3.75
B752,60,TRUE,19.43968,108.82767,2024-10-22,2024,296,15.383333333333333,3.6166666666666667
B753,50,TRUE,21.71459,110.90808,2024-10-05,2024,279,19.516666666666666,3
B754,1,TRUE,24.00627,97.84421,2024-03-11,2024,71,0.5,2.5
B755,1,TRUE,19.10111,108.65857,2024-01-13,2024,13,15.466666666666667,9.983333333333333
B756,1,TRUE,19.43968,108.82767,2024-01-13,2024,13,20.35,10
B757,1,TRUE,19.10083,108.65857,2024-01-23,2024,23,21,1
B758,1,TRUE,19.75179,109.32587,2024-10-31,2024,305,0,1
B759,1,TRUE,19.10083,108.65857,2024-01-27,2024,27,2,1
B760,1,TRUE,24.7485,98.07389,2024-05-08,2024,129,0,6.016666666666667
B761,120,TRUE,19.10111,108.65857,2024-01-13,2024,13,1,0.5
B762,1,TRUE,19.43968,108.82767,2024-08-04,2024,217,18,1
B763,1,TRUE,21.90426,108.54469,2024-01-16,2024,16,5,1
B764,1,TRUE,19.13192,108.672,2024-02-15,2024,46,18,1
B765,1,TRUE,19.28557,109.63925,2024-08-13,2024,226,14,1
B767,1,TRUE,21.86392,100.95124,2024-04-29,2024,120,23,1
B768,1,TRUE,24.7485,98.07389,2024-04-29,2024,120,0.55,1
B770,1,TRUE,19.70969,109.24351,2024-08-17,2024,230,2,1
B771,1,TRUE,19.75179,109.32698,2024-02-15,2024,46,19,1
B772,1,TRUE,19.74341,109.32107,2024-02-13,2024,44,20,1
B773,1,TRUE,19.43968,108.82767,2024-01-14,2024,14,0,1
B774,2,TRUE,19.44768,108.85891,2024-08-12,2024,225,1,1
B775,1,TRUE,21.91365,101.04143,2024-02-17,2024,48,17,1
B776,6,TRUE,19.76709,109.32135,2024-08-01,2024,214,2,1
B777,1,TRUE,19.44379,108.85497,2024-01-13,2024,13,22,1
B778,1,TRUE,19.10083,108.65857,2024-01-23,2024,23,20,1
B779,1,TRUE,19.10083,108.65857,2024-01-26,2024,26,22,1
B780,1,TRUE,19.10083,108.65857,2024-01-27,2024,27,2,1
B781,16,TRUE,19.70723,109.26865,2024-01-13,2024,13,15.916666666666666,1
B782,135,TRUE,19.44379,108.85497,2024-01-09,2024,9,17,1.5
B783,80,TRUE,19.43968,108.82767,2024-10-24,2024,298,16.6,3
B784,30,TRUE,21.72594,110.88937,2024-10-02,2024,276,2,1
B785,1,TRUE,19.53311,109.49825,2024-07-12,2024,194,1.1333333333333333,6.816666666666666
B786,1,TRUE,19.75179,109.32698,2024-07-05,2024,187,0,1.3166666666666667
B787,4,TRUE,19.11397,108.65913,2024-07-02,2024,184,2.4166666666666665,1
B788,1,TRUE,19.11397,108.65913,2024-07-02,2024,184,2.4166666666666665,1
B789,1,TRUE,24.7485,98.07389,2024-05-08,2024,129,0,6.016666666666667
B790,30,TRUE,19.75056,109.32548,2024-08-19,2024,232,23,2
B791,1,TRUE,21.85529,100.95401,2024-08-17,2024,230,18,1
B792,6,TRUE,19.44379,108.85497,2024-02-14,2024,45,0.5,2
B793,4,TRUE,18.32551,109.69419,2024-06-09,2024,161,1,1
B794,7,TRUE,19.75179,109.32698,2024-06-17,2024,169,16.25,0.8333333333333334
B795,1,TRUE,18.74957,110.20158,2024-06-13,2024,165,15.5,1.25
B797,300,TRUE,19.87285,109.65337,2024-02-03,2024,34,22,1
B798,10,TRUE,24.7485,98.07389,2024-05-01,2024,122,0.6166666666666667,3.3833333333333333
B799,12,TRUE,24.7485,98.07389,2024-05-18,2024,139,3,1
B800,1,TRUE,24.71143,97.93827,2024-05-01,2024,122,23.5,5.5
B801,1,TRUE,24.7485,98.07389,2024-05-05,2024,126,22.2,0.85
B802,1,TRUE,24.7485,98.07389,2024-05-12,2024,133,16,1
B803,2,TRUE,21.86367,100.95204,2024-10-03,2024,277,2,1
B804,2,TRUE,21.86367,100.95204,2024-10-03,2024,277,0.5166666666666667,2
B805,1,TRUE,24.7485,98.07389,2024-04-29,2024,120,0.55,1
B806,6,TRUE,24.7485,98.07389,2024-05-05,2024,126,15,2.25
B807,6,TRUE,24.7485,98.07389,2024-05-05,2024,126,15,2.25
B808,20,TRUE,24.75001,98.07704,2024-05-04,2024,125,20.116666666666667,7.883333333333334
B809,1,TRUE,22.86014,108.29644,2024-04-27,2024,118,22,1
B810,1,TRUE,19.10111,108.65857,2024-01-14,2024,14,17.366666666666667,8
B811,1,TRUE,19.74341,109.32107,2024-02-14,2024,45,16,1
B812,1,TRUE,19.1153,108.66622,2024-02-16,2024,47,19,1
B813,2,TRUE,19.13254,108.67248,2024-07-08,2024,190,0.5,0.5
B814,1,TRUE,24.7485,98.07389,2024-05-04,2024,125,20.816666666666666,7
B815,1,TRUE,19.75002,109.32531,2024-07-20,2024,202,1,1
B816,1,TRUE,21.86367,100.95204,2024-09-14,2024,258,1,0.6833333333333333
B817,1,TRUE,19.11397,108.65913,2024-07-02,2024,184,2.4166666666666665,1
B818,2,TRUE,23.18308,108.28945,2024-06-30,2024,182,0,3
B819,1,TRUE,24.69373,97.99939,2024-03-15,2024,75,0,1
B820,1,TRUE,19.75179,109.32698,2024-06-13,2024,165,14,4
B821,200,TRUE,22.81274,108.00307,2024-02-11,2024,42,21,1
B822,1,TRUE,19.44861,108.84981,2024-02-05,2024,36,15.833333333333334,1.5166666666666666
B823,6,TRUE,19.44861,108.84981,2024-08-26,2024,239,23.5,1.5
B824,10,TRUE,24.7485,98.07389,2024-05-05,2024,126,16,1.5
B825,3,TRUE,19.75179,109.32698,2024-08-24,2024,237,16.166666666666668,1.1666666666666667
B826,1,TRUE,22.8391,108.28951,2024-05-04,2024,125,22,1
B827,1,TRUE,19.74803,110.64112,2024-08-24,2024,237,1,1
B828,3,TRUE,19.75179,109.32698,2024-08-23,2024,236,23.5,1
B829,3,TRUE,22.941770000000002,108.34572,2024-05-02,2024,123,18.433333333333334,1.5833333333333333
B830,1,TRUE,24.7485,98.07389,2024-05-02,2024,123,1,1
